Epitope,Epitope,Epitope,Epitope,Epitope,Epitope,Epitope,Epitope,Epitope,Epitope,Epitope,Epitope,Epitope,Epitope,Epitope,Epitope,Related Object,Related Object,Related Object,Related Object,Related Object,Related Object,Related Object,Related Object,Related Object,Related Object,Related Object
Epitope ID,Object Type,Description,Epitope Modified Residue(s),Epitope Modification(s),Starting Position,Ending Position,Non-peptidic epitope Accession,Epitope Synonyms,Antigen Name,Parent Protein,Parent Protein Accession,Organism Name,Parent Organism,Parent Organism ID,Epitope Comments,Epitope Relationship,Object Type,Description,Starting Position,Ending Position,Non-peptidic object Accession,Synonyms,Antigen Name,Parent Protein,Organism Name,Parent Organism
"4715","Linear peptide","ASQKRPSQRHGSKYLATAST","","","2","21","","","MBP protein","Myelin basic protein","P02686","Homo sapiens","Homo sapiens","9606","The epitope sequence was previously described in Ota et al, Nature:346(183) 1990 [PMID:1694970].","","","","","","","","","","",""
"6568","Linear peptide","CLGGLLTMV","","","426","434","","","membrane protein","Latent membrane protein 2","P13285","Human gammaherpesvirus 4","Human gammaherpesvirus 4","10376","","","","","","","","","","","",""
"6954","Linear peptide","CRVLCCYVL","","","309","317","","","UL123; IE1","55 kDa immediate-early protein 1","F5HCM1","Human betaherpesvirus 5","Human betaherpesvirus 5","10359","","","","","","","","","","","",""
"13572","Linear peptide","ENPVVHFFKNIVTPR","","","84","98","","","MBP protein","Myelin basic protein","P02686","Homo sapiens","Homo sapiens","9606","","","","","","","","","","","",""
"16626","Linear peptide","FLGMESCGI","","","266","274","","","Actin, cytoplasmic 1","Actin, cytoplasmic 1","P60709","Homo sapiens","Homo sapiens","9606","","","","","","","","","","","",""
"16990","Linear peptide","FLYGALLLA","","","80","88","","","proteolipid protein","Myelin proteolipid protein","P60201","Homo sapiens","Homo sapiens","9606","","","","","","","","","","","",""
"20788","Linear peptide","GLCTLVAML","","","259","267","","","BMLF1 protein","mRNA export factor ICP27 homolog","Q04360","Human gammaherpesvirus 4","Human gammaherpesvirus 4","10376","","","","","","","","","","","",""
"26092","Linear peptide","IFKLGGRDSRSGSPMARR","","","154","171","","","MBP protein","Myelin basic protein","P02686","Homo sapiens","Homo sapiens","9606","The epitope sequence was previously described in Martin et al, J Immonol:145(540) 1990 [PMID:1694881].","","","","","","","","","","",""
"37153","Linear peptide","LLDFVRFMGV","","","284","293","","","Nuclear antigen EBNA-3C","Epstein-Barr nuclear antigen 6","P03204","Human gammaherpesvirus 4","Human gammaherpesvirus 4","10376","","","","","","","","","","","",""
"37700","Linear peptide","LLQDSVDFSL","","","79","88","","","Vimentin","Vimentin","P08670","Homo sapiens","Homo sapiens","9606","","","","","","","","","","","",""
"37960","Linear peptide","LLWTLVVLL","","","329","337","","","membrane protein","Latent membrane protein 2","P13285","Human gammaherpesvirus 4","Human gammaherpesvirus 4","10376","","","","","","","","","","","",""
"44920","Linear peptide","NLVPMVATV","","","495","503","","","HCMVUL83","65 kDa phosphoprotein","Q6SW59","Human betaherpesvirus 5","Human betaherpesvirus 5","10359","","","","","","","","","","","",""
"45514","Linear peptide","NPVVHFFKNIVTPRTPPPSQ","","","85","104","","","myelin basic protein","Myelin basic protein","P02686","Homo sapiens","Homo sapiens","9606","","","","","","","","","","","",""
"51342","Linear peptide","QLFNHTMFI","","","478","486","","","Myosin-9","Myosin-9","P35579","Homo sapiens","Homo sapiens","9606","","","","","","","","","","","",""
"53128","Linear peptide","RAKFKQLL","","","190","197","","","BZLF1","Trans-activator protein BZLF1","P03206","Human gammaherpesvirus 4","Human gammaherpesvirus 4","10376","","","","","","","","","","","",""
"55252","Linear peptide","RPPIFIRRL","","","247","255","","","Epstein-Barr nuclear antigen 3","Epstein-Barr nuclear antigen 3","P12977","Human gammaherpesvirus 4","Human gammaherpesvirus 4","10376","","","","","","","","","","","",""
"59411","Linear peptide","SLQEEIAFL","","","226","234","","","Vimentin","Vimentin","P08670","Homo sapiens","Homo sapiens","9606","","","","","","","","","","","",""
"59472","Linear peptide","SLSRFSWGA","","","244","252","","","Myelin basic protein","Myelin basic protein","P02686","Homo sapiens","Homo sapiens","9606","","","","","","","","","","","",""
"62305","Linear peptide","SVRDRLARL","","","464","472","","","Epstein-Barr nuclear antigen 3","Epstein-Barr nuclear antigen 3","P12977","Human gammaherpesvirus 4","Human gammaherpesvirus 4","10376","","","","","","","","","","","",""
"63843","Linear peptide","TGGVYHFVKKHVHES","","","627","641","","","DNA polymerase","DNA polymerase catalytic subunit","P03198","Human gammaherpesvirus 4","Human gammaherpesvirus 4","10376","","","","","","","","","","","",""
"65748","Linear peptide","TPRVTGGGAM","","","417","426","","","tegument protein pp65","65 kDa phosphoprotein","Q6SW59","Human betaherpesvirus 5","Human betaherpesvirus 5","10359","","","","","","","","","","","",""
"67907","Linear peptide","VDAQGTLSKIFKLGGRDSRS","","","145","164","","","myelin basic protein","Myelin basic protein","P02686","Homo sapiens","Homo sapiens","9606","","","","","","","","","","","",""
"69649","Linear peptide","VLMIKALEL","","","741","749","","","Myosin-9","Myosin-9","P35579","Homo sapiens","Homo sapiens","9606","","","","","","","","","","","",""
"71460","Linear peptide","VTPRTPPPSQGKGRGLSLSR","","","95","114","","","myelin basic protein","Myelin basic protein","P02686","Homo sapiens","Homo sapiens","9606","","","","","","","","","","","",""
"71685","Linear peptide","VVHFFKNIV","","","220","228","","","Myelin basic protein","Myelin basic protein","P02686","Homo sapiens","Homo sapiens","9606","","","","","","","","","","","",""
"79827","Linear peptide","FKNIVTPRT","","","91","99","","","MBP protein","Myelin basic protein","P02686","Homo sapiens","Homo sapiens","9606","","","","","","","","","","","",""
"111125","Linear peptide","ASQKRPSQR + ACET(A1)","A1","Acetylation|ACET","2","10","","","MBP protein","Myelin basic protein","P02686","Homo sapiens","Homo sapiens","9606","The epitope sequence was previously described in Martin et al, J Immonol:145(540) 1990 [PMID:1694881].","","","","","","","","","","",""
"111192","Linear peptide","DENPVVHFFKNIVTPRTPP","","","83","101","","","MBP protein","Myelin basic protein","P02686","Homo sapiens","Homo sapiens","9606","The epitope sequence was previously described in Ota et al, Nature:346(183) 1990 [PMID:1694970].","","","","","","","","","","",""
"112126","Linear peptide","GFYTTGAVRQIFGDYKTT","","","90","107","","","myelin proteolipid protein","Myelin proteolipid protein","P60201","Homo sapiens","Homo sapiens","9606","","","","","","","","","","","",""
"112152","Linear peptide","HHPARTAHYGSLPQKSHGRT","","","62","81","","","MBP protein","Myelin basic protein","P02686","Homo sapiens","Homo sapiens","9606","The epitope sequence was previously described in Ota et al, Nature:346(183) 1990 [PMID:1694970].","","","","","","","","","","",""
"112191","Linear peptide","KYLATASTMDHARHGFLPRH","","","23","42","","","MBP protein","Myelin basic protein","P02686","Homo sapiens","Homo sapiens","9606","","","","","","","","","","","",""
"112393","Linear peptide","VVHFFKNIVTPRTPPPSQGK","","","87","106","","","MBP protein","Myelin basic protein","P02686","Homo sapiens","Homo sapiens","9606","The epitope sequence was previously described in Martin et al, J Immonol:145(540) 1990 [PMID:1694881].","","","","","","","","","","",""
"112454","Linear peptide","ASQKRPSQRHGSKYLATASTM","","","2","22","","","MBP protein","Myelin basic protein","P02686","Homo sapiens","Homo sapiens","9606","The epitope sequence was previously described in Martin et al, J Immonol:145(540) 1990 [PMID:1694881].","","","","","","","","","","",""
"112567","Linear peptide","LATASTMDHARHGFLPRHRDTGILDSIGRF","","","16","45","","","MBP protein","Myelin basic protein","P02686","Homo sapiens","Homo sapiens","9606","The epitope sequence was previously described in Martin et al, J Immonol:145(540) 1990 [PMID:1694881].","","","","","","","","","","",""
"112782","Linear peptide","GSGKDSHHPARTAHYGSLPQ","","","56","75","","","myelin basic protein","Myelin basic protein","P02686","Homo sapiens","Homo sapiens","9606","","","","","","","","","","","",""
"112977","Linear peptide","FKGVDAQGTLSKIFKLGGRD","","","142","161","","","MBP protein","Myelin basic protein","P02686","Homo sapiens","Homo sapiens","9606","The epitope sequence was previously described in Ota et al, Nature:346(183) 1990 [PMID:1694970].","","","","","","","","","","",""
"113151","Linear peptide","RPGFGYGGRASDYKSAHKG","","","123","141","","","MBP protein","Myelin basic protein","P02686","Homo sapiens","Homo sapiens","9606","The epitope sequence was previously described in Ota et al, Nature:346(183) 1990 [PMID:1694970].","","","","","","","","","","",""
"113286","Linear peptide","ASQKRPSQRHGSKYLATASTMDHARHGFLPRHRDTGIL","","","2","39","","","MBP protein","Myelin basic protein","P02686","Homo sapiens","Homo sapiens","9606","The epitope sequence was previously described in Ota et al, Nature:346(183) 1990 [PMID:1694970].","","","","","","","","","","",""
"113430","Linear peptide","GFGYGGRASDYKSAHKGFKG","","","125","144","","","myelin basic protein","Myelin basic protein","P02686","Homo sapiens","Homo sapiens","9606","","","","","","","","","","","",""
"113507","Linear peptide","HARHGFLPRHRDTGILDSIG","","","33","52","","","MBP protein","Myelin basic protein","P02686","Homo sapiens","Homo sapiens","9606","","","","","","","","","","","",""
"113574","Linear peptide","KLSDGIRKFAA","","","307","317","","","transaldolase 1","Transaldolase","P37837","Homo sapiens","Homo sapiens","9606","","","","","","","","","","","",""
"113612","Linear peptide","LLFSFAQAV","","","168","176","","","transaldolase 1","Transaldolase","P37837","Homo sapiens","Homo sapiens","9606","","","","","","","","","","","",""
"114113","Linear peptide","DYKSAHKGF","","","267","275","","","Myelin basic protein","Myelin basic protein","P02686","Homo sapiens","Homo sapiens","9606","","","","","","","","","","","",""
"114133","Linear peptide","KYLATASTM","","","147","155","","","Myelin basic protein","Myelin basic protein","P02686","Homo sapiens","Homo sapiens","9606","","","","","","","","","","","",""
"114210","Linear peptide","GLSLSRFSWGAEGQRPGFGY","","","109","128","","","MBP protein","Myelin basic protein","P02686","Homo sapiens","Homo sapiens","9606","The epitope sequence was previously described in Ota et al, Nature:346(183) 1990 [PMID:1694970].","","","","","","","","","","",""
"114541","Linear peptide","QKSHGRTQDENPVVHFFKNI","","","75","94","","","myelin basic protein","Myelin basic protein","P02686","Homo sapiens","Homo sapiens","9606","","","","","","","","","","","",""
"114571","Linear peptide","RFFGGDRGAPKRGSGKDSHH","","","44","63","","","myelin basic protein","Myelin basic protein","P02686","Homo sapiens","Homo sapiens","9606","","","","","","","","","","","",""
"114595","Linear peptide","RTAHYGSLPQKSHGRTQDEN","","","66","85","","","myelin basic protein","Myelin basic protein","P02686","Homo sapiens","Homo sapiens","9606","","","","","","","","","","","",""
"114689","Linear peptide","YKSAHKGFKGVDAQGTLSKI","","","135","154","","","myelin basic protein","Myelin basic protein","P02686","Homo sapiens","Homo sapiens","9606","","","","","","","","","","","",""
"115359","Linear peptide","LMWAKIGPV","","","509","517","","","Myelin-associated glycoprotein precursor","Myelin-associated glycoprotein","P20916","Homo sapiens","Homo sapiens","9606","","","","","","","","","","","",""
"115491","Linear peptide","SLLLELEEV","","","287","295","","","Myelin-associated glycoprotein precursor","Myelin-associated glycoprotein","P20916","Homo sapiens","Homo sapiens","9606","","","","","","","","","","","",""
"115542","Linear peptide","VLFSSDFRI","","","556","564","","","Myelin-associated glycoprotein precursor","Myelin-associated glycoprotein","P20916","Homo sapiens","Homo sapiens","9606","","","","","","","","","","","",""
"115647","Linear peptide","SKIFKLGGRDSRSGSPMAR","","","152","170","","","myelin basic protein","Myelin basic protein","P02686","Homo sapiens","Homo sapiens","9606","The epitope sequence was previously reported in Richert et al. J Neuroimmunol. 1989 Jun;23(1):55-66. [PMID: 2470781]","","","","","","","","","","",""
"116316","Linear peptide","FGGDRGAPKRGSGKDSHHPARTAHYGSLPQKSHGRTQDENPVV","","","46","88","","","MBP protein","Myelin basic protein","P02686","Homo sapiens","Homo sapiens","9606","The epitope sequence was previously described in Ota et al, Nature:346(183) 1990 [PMID:1694970].","","","","","","","","","","",""
"116339","Linear peptide","GLSLSRFSWGAEGQRPGFGYGGRASDYKSAHKGFKGVDAQ","","","109","148","","","MBP protein","Myelin basic protein","P02686","Homo sapiens","Homo sapiens","9606","The epitope sequence was previously described in Ota et al, Nature:346(183) 1990 [PMID:1694970].","","","","","","","","","","",""
"116407","Linear peptide","LGRAGLTY","","","7","14","","","T-cell receptor V beta chain 13.1","","","Homo sapiens","Homo sapiens","9606","","","","","","","","","","","",""
"116750","Linear peptide","HHPARTAHYGSL","","","62","73","","","MBP protein","Myelin basic protein","P02686","Homo sapiens","Homo sapiens","9606","The epitope sequence was previously described in Martin et al, J Immonol:145(540) 1990 [PMID:1694881].","","","","","","","","","","",""
"116830","Linear peptide","SIGRFFGGDRG","","","41","51","","","MBP protein","Myelin basic protein","P02686","Homo sapiens","Homo sapiens","9606","The epitope sequence was previously described in Martin et al, J Immonol:145(540) 1990 [PMID:1694881].","","","","","","","","","","",""
"117959","Linear peptide","KLIETYFSK","","","45","53","","","myelin proteolipid protein","Myelin proteolipid protein","P60201","Homo sapiens","Homo sapiens","9606","","","","","","","","","","","",""
"117961","Linear peptide","KLVETYISK","","","768","776","","","Crm1p","Exportin-1","P30822","Saccharomyces cerevisiae","Saccharomyces cerevisiae","4932","","","","","","","","","","","",""
"121150","Linear peptide","APAHAITLT","","","6","14","","","protease","","","Homo sapiens","Homo sapiens","9606","","","","","","","","","","","",""
"121158","Linear peptide","ATLKPATFL","","","575","583","","","polyprotein","Polyprotein","O36581","Multiple sclerosis associated retrovirus","Human endogenous retrovirus W","87786","","","","","","","","","","","",""
"121159","Linear peptide","ATLNPATFL","","","8","16","","","polyprotein","Polyprotein","Q9WSY8","Human endogenous retrovirus W","Human endogenous retrovirus W","87786","","","","","","","","","","","",""
"121176","Linear peptide","CPRQRSSRA","","","43","51","","","protease","","","Homo sapiens","Homo sapiens","9606","","","","","","","","","","","",""
"121211","Linear peptide","DPLNPTSQL","","","273","281","","","polyprotein","Polyprotein","O36581","Multiple sclerosis associated retrovirus","Human endogenous retrovirus W","87786","","","","","","","","","","","",""
"121307","Linear peptide","FPYQRKYPL","","","160","168","","","polyprotein","Polyprotein","O36581","Multiple sclerosis associated retrovirus","Human endogenous retrovirus W","87786","","","","","","","","","","","",""
"121344","Linear peptide","GPARVPVPF","","","164","172","","","gag","Natural cytotoxicity triggering receptor 3 ligand 1","Q68D85","Homo sapiens","Homo sapiens","9606","","","","","","","","","","","",""
"121345","Linear peptide","GPCFLWLKL","","","7","15","","","unknown protein U5/1","","","Multiple sclerosis associated retrovirus element","Human endogenous retrovirus W","87786","","","","","","","","","","","",""
"121417","Linear peptide","IPEEAEWFT","","","240","248","","","polyprotein","Polyprotein","O36581","Multiple sclerosis associated retrovirus","Human endogenous retrovirus W","87786","","","","","","","","","","","",""
"121418","Linear peptide","IPFLGIRET","","","15","23","","","unknown protein U5/2","","","Multiple sclerosis associated retrovirus element","Human endogenous retrovirus W","87786","","","","","","","","","","","",""
"121419","Linear peptide","IPPKAKTPL","","","4","12","","","gag","Natural cytotoxicity triggering receptor 3 ligand 1","Q68D85","Homo sapiens","Homo sapiens","9606","","","","","","","","","","","",""
"121420","Linear peptide","IPRLCPLQA","","","149","157","","","gag","Natural cytotoxicity triggering receptor 3 ligand 1","Q68D85","Homo sapiens","Homo sapiens","9606","","","","","","","","","","","",""
"121422","Linear peptide","IPVRPDSQFLFA","","","259","270","","","polyprotein","Polyprotein","O36581","Multiple sclerosis associated retrovirus","Human endogenous retrovirus W","87786","","","","","","","","","","","",""
"121460","Linear peptide","KEENPTAFLDRL","","","311","322","","","gag","Natural cytotoxicity triggering receptor 3 ligand 1","Q68D85","Homo sapiens","Homo sapiens","9606","","","","","","","","","","","",""
"121494","Linear peptide","KPNGQWRLV","","","205","213","","","polyprotein","Polyprotein","O36581","Multiple sclerosis associated retrovirus","Human endogenous retrovirus W","87786","","","","","","","","","","","",""
"121495","Linear peptide","KPPPCPCPL","","","","","","","Gag polyprotein","Gag polyprotein","Q9PZ45","Multiple sclerosis associated retrovirus","Human endogenous retrovirus W","87786","","","","","","","","","","","",""
"121517","Linear peptide","KVSKPKARL","","","349","357","","","polyprotein","Polyprotein","O36581","Multiple sclerosis associated retrovirus","Human endogenous retrovirus W","87786","","","","","","","","","","","",""
"121580","Linear peptide","LPLGSEQNL","","","","","","","Gag polyprotein","Gag polyprotein","Q9PZ45","Multiple sclerosis associated retrovirus","Human endogenous retrovirus W","87786","","","","","","","","","","","",""
"121583","Linear peptide","LPTGQDFSL","","","459","467","","","polyprotein","Polyprotein","O36581","Multiple sclerosis associated retrovirus","Human endogenous retrovirus W","87786","","","","","","","","","","","",""
"121624","Linear peptide","MPESPTPLLGRDIL","","","91","104","","","protease","Protease","O36580","Multiple sclerosis associated retrovirus","Human endogenous retrovirus W","87786","","","","","","","","","","","",""
"121626","Linear peptide","MPSPSEPRVCL","","","15","25","","","protease","Protease","O36580","Multiple sclerosis associated retrovirus","Human endogenous retrovirus W","87786","","","","","","","","","","","",""
"121655","Linear peptide","NPDGYIDVL","","","190","198","","","gag","Natural cytotoxicity triggering receptor 3 ligand 1","Q68D85","Homo sapiens","Homo sapiens","9606","","","","","","","","","","","",""
"121656","Linear peptide","NPHTPGTSTQLA","","","82","93","","","polyprotein","Polyprotein","Q9WSY8","Human endogenous retrovirus W","Human endogenous retrovirus W","87786","","","","","","","","","","","",""
"121657","Linear peptide","NPRSENTRL","","","25","33","","","unknown protein U5/2","","","Multiple sclerosis associated retrovirus element","Human endogenous retrovirus W","87786","","","","","","","","","","","",""
"121716","Linear peptide","PPPYPSVPSPTPSST","","","108","122","","","gag polyprotein","Gag polyprotein","Q9PZ45","Multiple sclerosis associated retrovirus element","Human endogenous retrovirus W","87786","","","","","","","","","","","",""
"121761","Linear peptide","QPLSCDWGT","","","68","76","","","protease","","","Homo sapiens","Homo sapiens","9606","","","","","","","","","","","",""
"121805","Linear peptide","RPAADFHPF","","","30","38","","","unknown protein U5/1","","","Multiple sclerosis associated retrovirus element","Human endogenous retrovirus W","87786","","","","","","","","","","","",""
"121807","Linear peptide","RPLPLPIGLKA","","","53","63","","","unknown protein U5/1","","","Multiple sclerosis associated retrovirus element","Human endogenous retrovirus W","87786","","","","","","","","","","","",""
"121867","Linear peptide","SPDSIEGQL","","","333","341","","","gag","Natural cytotoxicity triggering receptor 3 ligand 1","Q68D85","Homo sapiens","Homo sapiens","9606","","","","","","","","","","","",""
"121868","Linear peptide","SPHLFGQAL","","","293","301","","","polyprotein","Polyprotein","O36581","Multiple sclerosis associated retrovirus","Human endogenous retrovirus W","87786","","","","","","","","","","","",""
"121926","Linear peptide","TPIARPLYT","","","414","422","","","polyprotein","Polyprotein","O36581","Multiple sclerosis associated retrovirus","Human endogenous retrovirus W","87786","","","","","","","","","","","",""
"121927","Linear peptide","TPNERSAAV","","","221","229","","","gag","Natural cytotoxicity triggering receptor 3 ligand 1","Q68D85","Homo sapiens","Homo sapiens","9606","","","","","","","","","","","",""
"121995","Linear peptide","VPCLRKELI","","","117","125","","","protease","","","Homo sapiens","Homo sapiens","9606","","","","","","","","","","","",""
"121999","Linear peptide","VPPEAKMPL","","","4","12","","","gag polyprotein","Gag polyprotein","Q9PZ45","Multiple sclerosis associated retrovirus element","Human endogenous retrovirus W","87786","","","","","","","","","","","",""
"122040","Linear peptide","WPHCLWVMA","","","505","513","","","polyprotein","Polyprotein","O36581","Multiple sclerosis associated retrovirus","Human endogenous retrovirus W","87786","","","","","","","","","","","",""
"122057","Linear peptide","YPAVSSPYTLL","","","227","237","","","polyprotein","Polyprotein","O36581","Multiple sclerosis associated retrovirus","Human endogenous retrovirus W","87786","","","","","","","","","","","",""
"159295","Linear peptide","RPRTPPPSY","","","3","11","","","U24","Protein U24","Q9QJ42","Human betaherpesvirus 6B","Human betaherpesvirus 6B","32604","","","","","","","","","","","",""
"159300","Linear peptide","TPRTPPPQ","","","","","","","Myelin basic protein","Myelin basic protein","P02686","Homo sapiens","Homo sapiens","9606","","","","","","","","","","","",""
"243795","Linear peptide","FSWGAEGQPRPGFGYGGRASD","","","","","","","Myelin basic protein","Myelin basic protein","P02686","Homo sapiens","Homo sapiens","9606","","","","","","","","","","","",""
"243797","Linear peptide","GKGRGLSLSRFSWGAEGQPR","","","","","","","Myelin basic protein","Myelin basic protein","P02686","Homo sapiens","Homo sapiens","9606","","","","","","","","","","","",""
"243834","Linear peptide","RTDGILDSIGRFFGGDRGAP","","","","","","","Myelin basic protein","Myelin basic protein","P02686","Homo sapiens","Homo sapiens","9606","","","","","","","","","","","",""
"606472","Linear peptide","LIGEVFVL","","","","","","","","","","","","","","mimotope","Fragment of a Natural Sequence Molecule","KLIETYFSK","45","53","","myelin proteolipid protein","myelin proteolipid protein","Myelin proteolipid protein","Homo sapiens","Homo sapiens"
"606474","Linear peptide","LLGEVFEL","","","","","","","","","","","","","","mimotope","Fragment of a Natural Sequence Molecule","KLIETYFSK","45","53","","myelin proteolipid protein","myelin proteolipid protein","Myelin proteolipid protein","Homo sapiens","Homo sapiens"
"606475","Linear peptide","LPGEVFAI","","","15","22","","","Glycerophosphocholine phosphodiesterase GPCPD1","Glycerophosphocholine phosphodiesterase GPCPD1","Q9NPB8","Homo sapiens","Homo sapiens","9606","","","","","","","","","","","",""
"606481","Linear peptide","LVGEVWGL","","","","","","","","","","","","","","mimotope","Fragment of a Natural Sequence Molecule","KLIETYFSK","45","53","","myelin proteolipid protein","myelin proteolipid protein","Myelin proteolipid protein","Homo sapiens","Homo sapiens"
"606485","Linear peptide","MEGEVWGL","","","997","1004","","","Echinoderm microtubule-associated protein-like 6","Echinoderm microtubule-associated protein-like 6","Q6ZMW3","Homo sapiens","Homo sapiens","9606","","","","","","","","","","","",""
"606488","Linear peptide","MLGGEVFYV","","","","","","","","","","","","","","analog","Fragment of a Natural Sequence Molecule","LGGEVFYV","258","265","","chondroitin sulfate proteoglycan 3 (neurocan), neurocan proteoglycan, neurocan core protein","neurocan core protein precursor","Neurocan core protein","Homo sapiens","Homo sapiens"
"606489","Linear peptide","MLIGEVFNI","","","","","","","","","","","","","","analog","Fragment of a Natural Sequence Molecule","LIGEVFNI","814","821","","Rabconnectin-3","DmX-like protein 2","DmX-like protein 2","Homo sapiens","Homo sapiens"
"606490","Linear peptide","MLPGEVFAI","","","","","","","","","","","","","","analog","Fragment of a Natural Sequence Molecule","LPGEVFAI","15","22","","Glycerophosphodiester phosphodiesterase 5","Glycerophosphocholine phosphodiesterase GPCPD1","Glycerophosphocholine phosphodiesterase GPCPD1","Homo sapiens","Homo sapiens"
"606505","Linear peptide","PGEVFAI","","","16","22","","","Glycerophosphocholine phosphodiesterase GPCPD1","Glycerophosphocholine phosphodiesterase GPCPD1","Q9NPB8","Homo sapiens","Homo sapiens","9606","","","","","","","","","","","",""
